{"stats":{"minecraft:custom":{"minecraft:time_since_rest":19990,"minecraft:sprint_one_cm":26621,"minecraft:damage_taken":724,"minecraft:walk_one_cm":14364,"minecraft:mob_kills":2,"minecraft:drop":1,"minecraft:damage_dealt":1210,"minecraft:interact_with_crafting_table":2,"minecraft:talked_to_villager":2,"minecraft:fly_one_cm":274179,"minecraft:crouch_one_cm":2601,"minecraft:play_time":69899,"minecraft:deaths":3,"minecraft:sneak_time":1936,"minecraft:walk_under_water_one_cm":5963,"minecraft:jump":157,"minecraft:leave_game":3,"minecraft:time_since_death":19964,"minecraft:walk_on_water_one_cm":1457,"minecraft:total_world_time":69899,"minecraft:interact_with_smoker":1,"minecraft:fall_one_cm":1784},"minecraft:dropped":{"minecraft:sugar_cane":1},"minecraft:crafted":{"minecraft:mace":1},"minecraft:picked_up":{"minecraft:birch_log":1,"minecraft:dirt":15,"minecraft:iron_golem_spawn_egg":64,"minecraft:iron_ingot":10,"minecraft:poppy":2,"minecraft:sugar_cane":3},"minecraft:mined":{"minecraft:short_grass":6,"minecraft:tall_grass":2,"minecraft:sugar_cane":2},"minecraft:killed_by":{"minecraft:iron_golem":1,"minecraft:enderman":1},"minecraft:used":{"minecraft:oak_log":1,"minecraft:mace":3,"minecraft:grass_block":22,"minecraft:birch_leaves":5,"minecraft:iron_golem_spawn_egg":1,"minecraft:spruce_planks":2,"minecraft:stone":1,"minecraft:sugar_cane":2,"minecraft:oak_leaves":36,"minecraft:dirt":16,"minecraft:sand":17,"minecraft:crafting_table":1,"minecraft:birch_log":3,"minecraft:painting":6},"minecraft:killed":{"minecraft:spider":1,"minecraft:iron_golem":1}},"DataVersion":3953}