{"stats":{"minecraft:custom":{"minecraft:time_since_rest":6763,"minecraft:crouch_one_cm":28,"minecraft:walk_one_cm":5801,"minecraft:sprint_one_cm":7258,"minecraft:play_time":56672,"minecraft:damage_taken":724,"minecraft:deaths":3,"minecraft:sneak_time":90,"minecraft:mob_kills":2,"minecraft:drop":1,"minecraft:jump":116,"minecraft:damage_dealt":1210,"minecraft:leave_game":2,"minecraft:walk_on_water_one_cm":790,"minecraft:time_since_death":6737,"minecraft:total_world_time":56672,"minecraft:interact_with_crafting_table":2,"minecraft:fall_one_cm":1784,"minecraft:fly_one_cm":94530},"minecraft:dropped":{"minecraft:sugar_cane":1},"minecraft:crafted":{"minecraft:mace":1},"minecraft:picked_up":{"minecraft:birch_log":1,"minecraft:iron_golem_spawn_egg":64,"minecraft:iron_ingot":10,"minecraft:poppy":2,"minecraft:sugar_cane":3,"minecraft:dirt":15},"minecraft:used":{"minecraft:oak_leaves":15,"minecraft:mace":3,"minecraft:crafting_table":1,"minecraft:iron_golem_spawn_egg":1,"minecraft:sugar_cane":2},"minecraft:killed_by":{"minecraft:iron_golem":1,"minecraft:enderman":1},"minecraft:mined":{"minecraft:short_grass":6,"minecraft:tall_grass":2,"minecraft:sugar_cane":2},"minecraft:killed":{"minecraft:spider":1,"minecraft:iron_golem":1}},"DataVersion":3953}